"Position","Name","Salary","GameInfo","AvgPointsPerGame","teamAbbrev"
"SF/PF","LeBron James",11800,"CLE@CHI 12/04/2017 08:00PM ET",56.261,"CLE"
"PF/C","DeMarcus Cousins",11000,"GS@NO 12/04/2017 08:00PM ET",54.576,"NO"
"SF/PF","Giannis Antetokounmpo",10600,"MIL@BOS 12/04/2017 07:30PM ET",55.513,"MIL"
"PF/C","Anthony Davis",10100,"GS@NO 12/04/2017 08:00PM ET",49.000,"NO"
"PG/SF","Ben Simmons",9800,"PHO@PHI 12/04/2017 07:00PM ET",45.631,"PHI"
"C","Joel Embiid",9800,"PHO@PHI 12/04/2017 07:00PM ET",45.842,"PHI"
"PG/SG","Stephen Curry",9400,"GS@NO 12/04/2017 08:00PM ET",46.524,"GS"
"SF/PF","Kevin Durant",9000,"GS@NO 12/04/2017 08:00PM ET",45.819,"GS"
"C","Andre Drummond",8800,"DET@SA 12/04/2017 08:30PM ET",44.341,"DET"
"PG/SG","Victor Oladipo",8700,"NY@IND 12/04/2017 07:00PM ET",41.284,"IND"
"PG","Kyrie Irving",8500,"MIL@BOS 12/04/2017 07:30PM ET",38.457,"BOS"
"PG","John Wall",8500,"WAS@UTA 12/04/2017 09:00PM ET",42.313,"WAS"
"C","Nikola Jokic",8500,"DEN@DAL 12/04/2017 08:30PM ET",39.881,"DEN"
"PF/C","Kristaps Porzingis",8400,"NY@IND 12/04/2017 07:00PM ET",41.118,"NY"
"C","Karl-Anthony Towns",8300,"MIN@MEM 12/04/2017 08:00PM ET",41.630,"MIN"
"PF/C","LaMarcus Aldridge",8300,"DET@SA 12/04/2017 08:30PM ET",40.295,"SA"
"PF/C","Kevin Love",8200,"CLE@CHI 12/04/2017 08:00PM ET",37.880,"CLE"
"C","Marc Gasol",8100,"MIN@MEM 12/04/2017 08:00PM ET",40.875,"MEM"
"PG","Dennis Schroder",8000,"BKN@ATL 12/04/2017 07:30PM ET",35.275,"ATL"
"SF/PF","Kawhi Leonard",8000,"DET@SA 12/04/2017 08:30PM ET",0,"SA"
"SF/PF","Aaron Gordon",7900,"ORL@CHA 12/04/2017 07:00PM ET",37.357,"ORL"
"SG/SF","Devin Booker",7800,"PHO@PHI 12/04/2017 07:00PM ET",36.946,"PHO"
"C","Dwight Howard",7700,"ORL@CHA 12/04/2017 07:00PM ET",35.107,"CHA"
"PF/C","Al Horford",7600,"MIL@BOS 12/04/2017 07:30PM ET",34.841,"BOS"
"C","Rudy Gobert",7500,"WAS@UTA 12/04/2017 09:00PM ET",35.042,"UTA"
"PG","Kemba Walker",7500,"ORL@CHA 12/04/2017 07:00PM ET",38.289,"CHA"
"SG","Bradley Beal",7400,"WAS@UTA 12/04/2017 09:00PM ET",36.500,"WAS"
"PF/C","Draymond Green",7400,"GS@NO 12/04/2017 08:00PM ET",35.136,"GS"
"SG/SF","Tyreke Evans",7300,"MIN@MEM 12/04/2017 08:00PM ET",32.705,"MEM"
"PG","D'Angelo Russell",7200,"BKN@ATL 12/04/2017 07:30PM ET",36.458,"BKN"
"C","Nikola Vucevic",7100,"ORL@CHA 12/04/2017 07:00PM ET",35.076,"ORL"
"PG/SG","Spencer Dinwiddie",7000,"BKN@ATL 12/04/2017 07:30PM ET",27.375,"BKN"
"SG","Klay Thompson",7000,"GS@NO 12/04/2017 08:00PM ET",33.522,"GS"
"PG/SG","Donovan Mitchell",6900,"WAS@UTA 12/04/2017 09:00PM ET",28.783,"UTA"
"SG","Jimmy Butler",6900,"MIN@MEM 12/04/2017 08:00PM ET",35.369,"MIN"
"SG/SF","Will Barton",6900,"DEN@DAL 12/04/2017 08:30PM ET",29.216,"DEN"
"SG/SF","Tim Hardaway Jr.",6800,"NY@IND 12/04/2017 07:00PM ET",31.238,"NY"
"PG/SG","Eric Bledsoe",6700,"MIL@BOS 12/04/2017 07:30PM ET",32.196,"MIL"
"PF/C","Derrick Favors",6700,"WAS@UTA 12/04/2017 09:00PM ET",27.609,"UTA"
"SF/PF","T.J. Warren",6700,"PHO@PHI 12/04/2017 07:00PM ET",30.667,"PHO"
"SF/PF","Otto Porter",6600,"WAS@UTA 12/04/2017 09:00PM ET",32.548,"WAS"
"SF/PF","Harrison Barnes",6600,"DEN@DAL 12/04/2017 08:30PM ET",32.185,"DAL"
"PG","Isaiah Thomas",6500,"CLE@CHI 12/04/2017 08:00PM ET",0,"CLE"
"SF/PF","Andrew Wiggins",6500,"MIN@MEM 12/04/2017 08:00PM ET",31.043,"MIN"
"PG","Jeff Teague",6400,"MIN@MEM 12/04/2017 08:00PM ET",33.066,"MIN"
"PG","Mike Conley",6400,"MIN@MEM 12/04/2017 08:00PM ET",28.771,"MEM"
"PF/C","Paul Millsap",6400,"DEN@DAL 12/04/2017 08:30PM ET",31.828,"DEN"
"SF/PF","Tobias Harris",6400,"DET@SA 12/04/2017 08:30PM ET",30.977,"DET"
"SG/SF","Khris Middleton",6300,"MIL@BOS 12/04/2017 07:30PM ET",35.107,"MIL"
"PG/SG","Jrue Holiday",6300,"GS@NO 12/04/2017 08:00PM ET",31.837,"NO"
"PF/C","Enes Kanter",6200,"NY@IND 12/04/2017 07:00PM ET",31.181,"NY"
"SF/PF","Robert Covington",6200,"PHO@PHI 12/04/2017 07:00PM ET",30.920,"PHI"
"PG/SG","Kris Dunn",6100,"CLE@CHI 12/04/2017 08:00PM ET",27.426,"CHI"
"PF","Lauri Markkanen",6100,"CLE@CHI 12/04/2017 08:00PM ET",29.893,"CHI"
"C","Myles Turner",6100,"NY@IND 12/04/2017 07:00PM ET",30.781,"IND"
"SF/PF","Jayson Tatum",6000,"MIL@BOS 12/04/2017 07:30PM ET",26.510,"BOS"
"SG/SF","Jaylen Brown",6000,"MIL@BOS 12/04/2017 07:30PM ET",27.446,"BOS"
"PG","Elfrid Payton",6000,"ORL@CHA 12/04/2017 07:00PM ET",28.982,"ORL"
"SF/PF","DeMarre Carroll",5900,"BKN@ATL 12/04/2017 07:30PM ET",28.725,"BKN"
"PF/C","Taj Gibson",5900,"MIN@MEM 12/04/2017 08:00PM ET",25.935,"MIN"
"PG","Reggie Jackson",5900,"DET@SA 12/04/2017 08:30PM ET",29.114,"DET"
"SG","Gary Harris",5800,"DEN@DAL 12/04/2017 08:30PM ET",27.100,"DEN"
"SG/SF","Jeremy Lamb",5800,"ORL@CHA 12/04/2017 07:00PM ET",30.095,"CHA"
"SG/SF","Kent Bazemore",5700,"BKN@ATL 12/04/2017 07:30PM ET",27.045,"ATL"
"SF/PF","Rondae Hollis-Jefferson",5700,"BKN@ATL 12/04/2017 07:30PM ET",26.132,"BKN"
"PF/C","John Collins",5700,"BKN@ATL 12/04/2017 07:30PM ET",24.202,"ATL"
"SG/SF","Rodney Hood",5700,"WAS@UTA 12/04/2017 09:00PM ET",25.986,"UTA"
"PG","Darren Collison",5700,"NY@IND 12/04/2017 07:00PM ET",28.717,"IND"
"SG/SF","Nicolas Batum",5700,"ORL@CHA 12/04/2017 07:00PM ET",22.250,"CHA"
"SG/SF","Justin Holiday",5600,"CLE@CHI 12/04/2017 08:00PM ET",27.713,"CHI"
"PG/SG","Dwyane Wade",5600,"CLE@CHI 12/04/2017 08:00PM ET",25.080,"CLE"
"SF/PF","Thaddeus Young",5600,"NY@IND 12/04/2017 07:00PM ET",27.728,"IND"
"PG/SG","Dennis Smith Jr.",5600,"DEN@DAL 12/04/2017 08:30PM ET",26.905,"DAL"
"PF/C","Dario Saric",5600,"PHO@PHI 12/04/2017 07:00PM ET",24.114,"PHI"
"PG","Ricky Rubio",5500,"WAS@UTA 12/04/2017 09:00PM ET",27.534,"UTA"
"SG/SF","Evan Fournier",5500,"ORL@CHA 12/04/2017 07:00PM ET",29.413,"ORL"
"PF/C","Pau Gasol",5500,"DET@SA 12/04/2017 08:30PM ET",29.330,"SA"
"SG/SF","Marcus Smart",5400,"MIL@BOS 12/04/2017 07:30PM ET",26.148,"BOS"
"SG/SF","Denzel Valentine",5400,"CLE@CHI 12/04/2017 08:00PM ET",24.012,"CHI"
"PG/SG","Avery Bradley",5400,"DET@SA 12/04/2017 08:30PM ET",25.455,"DET"
"SG/SF","Taurean Prince",5300,"BKN@ATL 12/04/2017 07:30PM ET",25.716,"ATL"
"C","Robin Lopez",5300,"CLE@CHI 12/04/2017 08:00PM ET",24.643,"CHI"
"PG","Mario Chalmers",5300,"MIN@MEM 12/04/2017 08:00PM ET",19.893,"MEM"
"SG/SF","J.J. Redick",5300,"PHO@PHI 12/04/2017 07:00PM ET",26.875,"PHI"
"C","Dewayne Dedmon",5200,"BKN@ATL 12/04/2017 07:30PM ET",25.038,"ATL"
"SF/PF","Jabari Parker",5200,"MIL@BOS 12/04/2017 07:30PM ET",0,"MIL"
"C","Marcin Gortat",5200,"WAS@UTA 12/04/2017 09:00PM ET",25.943,"WAS"
"SG/SF","Courtney Lee",5200,"NY@IND 12/04/2017 07:00PM ET",25.286,"NY"
"PG/SF","Kyle Anderson",5200,"DET@SA 12/04/2017 08:30PM ET",24.818,"SA"
"SG/SF","Joe Ingles",5100,"WAS@UTA 12/04/2017 09:00PM ET",24.696,"UTA"
"SG/SF","Kelly Oubre Jr.",5100,"WAS@UTA 12/04/2017 09:00PM ET",23.136,"WAS"
"PF/C","Domantas Sabonis",5100,"NY@IND 12/04/2017 07:00PM ET",27.583,"IND"
"PG/SG","Jamal Murray",5100,"DEN@DAL 12/04/2017 08:30PM ET",22.955,"DEN"
"PF/C","Trevor Booker",5000,"BKN@ATL 12/04/2017 07:30PM ET",22.132,"BKN"
"SG/SF","Jonathon Simmons",5000,"ORL@CHA 12/04/2017 07:00PM ET",21.478,"ORL"
"PG","Rajon Rondo",5000,"GS@NO 12/04/2017 08:00PM ET",22.200,"NO"
"SG/SF","Caris LeVert",4900,"BKN@ATL 12/04/2017 07:30PM ET",22.545,"BKN"
"SF/PF","Marcus Morris",4900,"MIL@BOS 12/04/2017 07:30PM ET",24.464,"BOS"
"PF/C","Nikola Mirotic",4900,"CLE@CHI 12/04/2017 08:00PM ET",0,"CHI"
"SF/PF","Ersan Ilyasova",4800,"BKN@ATL 12/04/2017 07:30PM ET",16.727,"ATL"
"PG/SG","Malcolm Brogdon",4800,"MIL@BOS 12/04/2017 07:30PM ET",24.425,"MIL"
"PF","Bobby Portis",4800,"CLE@CHI 12/04/2017 08:00PM ET",24.708,"CHI"
"PF/C","Kenneth Faried",4800,"DEN@DAL 12/04/2017 08:30PM ET",13.224,"DEN"
"SF/PF","Rudy Gay",4800,"DET@SA 12/04/2017 08:30PM ET",23.262,"SA"
"SG/SF","Allen Crabbe",4700,"BKN@ATL 12/04/2017 07:30PM ET",22.013,"BKN"
"PG/SG","Zach LaVine",4700,"CLE@CHI 12/04/2017 08:00PM ET",0,"CHI"
"SF/PF","Markieff Morris",4700,"WAS@UTA 12/04/2017 09:00PM ET",19.300,"WAS"
"SF/PF","JaMychal Green",4700,"MIN@MEM 12/04/2017 08:00PM ET",19.850,"MEM"
"PF/C","Dirk Nowitzki",4700,"DEN@DAL 12/04/2017 08:30PM ET",23.087,"DAL"
"SF/PF","Wilson Chandler",4700,"DEN@DAL 12/04/2017 08:30PM ET",19.792,"DEN"
"PF/C","Greg Monroe",4700,"PHO@PHI 12/04/2017 07:00PM ET",20.423,"PHO"
"C","John Henson",4600,"MIL@BOS 12/04/2017 07:30PM ET",21.563,"MIL"
"PG/SG","Jerian Grant",4600,"CLE@CHI 12/04/2017 08:00PM ET",22.595,"CHI"
"PG/SG","J.J. Barea",4600,"DEN@DAL 12/04/2017 08:30PM ET",25.152,"DAL"
"SG/SF","Bojan Bogdanovic",4500,"NY@IND 12/04/2017 07:00PM ET",22.435,"IND"
"SG/SF","Lance Stephenson",4500,"NY@IND 12/04/2017 07:00PM ET",19.174,"IND"
"SG/SF","Wesley Matthews",4500,"DEN@DAL 12/04/2017 08:30PM ET",22.924,"DAL"
"PG","Michael Carter-Williams",4500,"ORL@CHA 12/04/2017 07:00PM ET",16.450,"CHA"
"PF/C","Alex Len",4500,"PHO@PHI 12/04/2017 07:00PM ET",24.088,"PHO"
"SG","Marco Belinelli",4400,"BKN@ATL 12/04/2017 07:30PM ET",21.989,"ATL"
"PG","T.J. McConnell",4400,"PHO@PHI 12/04/2017 07:00PM ET",21.588,"PHI"
"SG/SF","Danny Green",4400,"DET@SA 12/04/2017 08:30PM ET",22.500,"SA"
"PF/C","Mason Plumlee",4300,"DEN@DAL 12/04/2017 08:30PM ET",16.716,"DEN"
"C","Tyson Chandler",4300,"PHO@PHI 12/04/2017 07:00PM ET",22.361,"PHO"
"PG","Mike James",4300,"PHO@PHI 12/04/2017 07:00PM ET",22.760,"PHO"
"PF/C","Kyle O'Quinn",4200,"NY@IND 12/04/2017 07:00PM ET",19.857,"NY"
"SG/SF","Josh Jackson",4200,"PHO@PHI 12/04/2017 07:00PM ET",17.625,"PHO"
"SG/SF","Joe Harris",4100,"BKN@ATL 12/04/2017 07:30PM ET",18.333,"BKN"
"PG/SG","Terry Rozier",4100,"MIL@BOS 12/04/2017 07:30PM ET",20.188,"BOS"
"SG/SF","J.R. Smith",4100,"CLE@CHI 12/04/2017 08:00PM ET",17.902,"CLE"
"PG","Tim Frazier",4100,"WAS@UTA 12/04/2017 09:00PM ET",14.034,"WAS"
"PG/SG","Tomas Satoransky",4100,"WAS@UTA 12/04/2017 09:00PM ET",12.173,"WAS"
"PG/SG","Seth Curry",4100,"DEN@DAL 12/04/2017 08:30PM ET",0,"DAL"
"PG","Tyler Ulis",4100,"PHO@PHI 12/04/2017 07:00PM ET",17.446,"PHO"
"SF","Darius Miller",4100,"GS@NO 12/04/2017 08:00PM ET",12.761,"NO"
"SF/PF","Luke Babbitt",4000,"BKN@ATL 12/04/2017 07:30PM ET",14.447,"ATL"
"PG/SG","Alec Burks",4000,"WAS@UTA 12/04/2017 09:00PM ET",16.659,"UTA"
"SF","Michael Kidd-Gilchrist",4000,"ORL@CHA 12/04/2017 07:00PM ET",17.617,"CHA"
"PG","Ish Smith",4000,"DET@SA 12/04/2017 08:30PM ET",18.898,"DET"
"SG/SF","DeAndre' Bembry",3900,"BKN@ATL 12/04/2017 07:30PM ET",11.469,"ATL"
"PG","Jarrett Jack",3900,"NY@IND 12/04/2017 07:00PM ET",19.197,"NY"
"PF/C","Dwight Powell",3900,"DEN@DAL 12/04/2017 08:30PM ET",15.636,"DAL"
"PG/SG","Devin Harris",3900,"DEN@DAL 12/04/2017 08:30PM ET",16.544,"DAL"
"PG/SG","Malik Monk",3900,"ORL@CHA 12/04/2017 07:00PM ET",13.421,"CHA"
"PF/C","Marquese Chriss",3900,"PHO@PHI 12/04/2017 07:00PM ET",17.052,"PHO"
"PG","Patty Mills",3900,"DET@SA 12/04/2017 08:30PM ET",19.727,"SA"
"SG/SF","Tony Snell",3800,"MIL@BOS 12/04/2017 07:30PM ET",16.845,"MIL"
"SF/PF","Jeff Green",3800,"CLE@CHI 12/04/2017 08:00PM ET",18.304,"CLE"
"PG/SG","David Nwaba",3800,"CLE@CHI 12/04/2017 08:00PM ET",19.306,"CHI"
"PG","Derrick Rose",3800,"CLE@CHI 12/04/2017 08:00PM ET",19.786,"CLE"
"PF/C","Tristan Thompson",3800,"CLE@CHI 12/04/2017 08:00PM ET",13.781,"CLE"
"SF/PF","Jonas Jerebko",3800,"WAS@UTA 12/04/2017 09:00PM ET",13.708,"UTA"
"SG/SF","Glenn Robinson III",3800,"NY@IND 12/04/2017 07:00PM ET",0,"IND"
"SG/SF","Dillon Brooks",3800,"MIN@MEM 12/04/2017 08:00PM ET",17.375,"MEM"
"PG/SG","Tyus Jones",3800,"MIN@MEM 12/04/2017 08:00PM ET",13.152,"MIN"
"SF/PF","Chandler Parsons",3800,"MIN@MEM 12/04/2017 08:00PM ET",16.722,"MEM"
"PG","Emmanuel Mudiay",3800,"DEN@DAL 12/04/2017 08:30PM ET",19.523,"DEN"
"PG/SG","Yogi Ferrell",3800,"DEN@DAL 12/04/2017 08:30PM ET",17.163,"DAL"
"PF/C","Frank Kaminsky",3800,"ORL@CHA 12/04/2017 07:00PM ET",19.338,"CHA"
"PG/SG","D.J. Augustin",3800,"ORL@CHA 12/04/2017 07:00PM ET",17.844,"ORL"
"PG/SG","Markelle Fultz",3800,"PHO@PHI 12/04/2017 07:00PM ET",12.438,"PHI"
"PF/C","Thon Maker",3700,"MIL@BOS 12/04/2017 07:30PM ET",12.869,"MIL"
"PF/C","Daniel Theis",3700,"MIL@BOS 12/04/2017 07:30PM ET",11.943,"BOS"
"SF/PF","Jae Crowder",3700,"CLE@CHI 12/04/2017 08:00PM ET",15.554,"CLE"
"SG/SF","Kyle Korver",3700,"CLE@CHI 12/04/2017 08:00PM ET",17.315,"CLE"
"SG/SF","Thabo Sefolosha",3700,"WAS@UTA 12/04/2017 09:00PM ET",17.409,"UTA"
"SG/SF","James Ennis III",3700,"MIN@MEM 12/04/2017 08:00PM ET",14.905,"MEM"
"SF/PF","Trey Lyles",3700,"DEN@DAL 12/04/2017 08:30PM ET",10.279,"DEN"
"SF/PF","Juancho Hernangomez",3700,"DEN@DAL 12/04/2017 08:30PM ET",9.818,"DEN"
"SF/PF","Marvin Williams",3700,"ORL@CHA 12/04/2017 07:00PM ET",19.060,"CHA"
"SG/SF","Terrence Ross",3700,"ORL@CHA 12/04/2017 07:00PM ET",18.795,"ORL"
"PF/C","Amir Johnson",3700,"PHO@PHI 12/04/2017 07:00PM ET",16.350,"PHI"
"PF/C","Richaun Holmes",3700,"PHO@PHI 12/04/2017 07:00PM ET",11.056,"PHI"
"SG/SF","Andre Iguodala",3700,"GS@NO 12/04/2017 08:00PM ET",17.313,"GS"
"SG/SF","E'Twaun Moore",3700,"GS@NO 12/04/2017 08:00PM ET",20.522,"NO"
"SG/SF","Stanley Johnson",3700,"DET@SA 12/04/2017 08:30PM ET",16.526,"DET"
"PG","Tony Parker",3700,"DET@SA 12/04/2017 08:30PM ET",15.083,"SA"
"PG/SG","Malcolm Delaney",3600,"BKN@ATL 12/04/2017 07:30PM ET",12.559,"ATL"
"C","Aron Baynes",3600,"MIL@BOS 12/04/2017 07:30PM ET",15.156,"BOS"
"PF/C","Gorgui Dieng",3600,"MIN@MEM 12/04/2017 08:00PM ET",15.150,"MIN"
"C","Cody Zeller",3600,"ORL@CHA 12/04/2017 07:00PM ET",17.882,"CHA"
"PF","Jared Dudley",3600,"PHO@PHI 12/04/2017 07:00PM ET",11.611,"PHO"
"PG/SG","Shaun Livingston",3600,"GS@NO 12/04/2017 08:00PM ET",11.226,"GS"
"SG/SF","Manu Ginobili",3600,"DET@SA 12/04/2017 08:30PM ET",15.645,"SA"
"PG/SG","Bryn Forbes",3600,"DET@SA 12/04/2017 08:30PM ET",10.548,"SA"
"PG/SG","Sean Kilpatrick",3500,"BKN@ATL 12/04/2017 07:30PM ET",9.917,"BKN"
"C","Mike Muscala",3500,"BKN@ATL 12/04/2017 07:30PM ET",16.333,"ATL"
"PG/SF","DeAndre Liggins",3500,"MIL@BOS 12/04/2017 07:30PM ET",7.667,"MIL"
"SG/SF","Paul Zipser",3500,"CLE@CHI 12/04/2017 08:00PM ET",11.111,"CHI"
"PG/SG","Iman Shumpert",3500,"CLE@CHI 12/04/2017 08:00PM ET",12.192,"CLE"
"SG","Jodie Meeks",3500,"WAS@UTA 12/04/2017 09:00PM ET",11.602,"WAS"
"SG/SF","Joe Johnson",3500,"WAS@UTA 12/04/2017 09:00PM ET",11.656,"UTA"
"PG","Cory Joseph",3500,"NY@IND 12/04/2017 07:00PM ET",18.109,"IND"
"PG/SG","Frank Ntilikina",3500,"NY@IND 12/04/2017 07:00PM ET",14.278,"NY"
"SF/PF","Michael Beasley",3500,"NY@IND 12/04/2017 07:00PM ET",12.983,"NY"
"SG","Jamal Crawford",3500,"MIN@MEM 12/04/2017 08:00PM ET",14.924,"MIN"
"SF/PF","Nemanja Bjelica",3500,"MIN@MEM 12/04/2017 08:00PM ET",13.514,"MIN"
"SG/SF","Shabazz Muhammad",3500,"MIN@MEM 12/04/2017 08:00PM ET",7.250,"MIN"
"SG/SF","Ben McLemore",3500,"MIN@MEM 12/04/2017 08:00PM ET",13.136,"MEM"
"SF/PF","Jonathan Isaac",3500,"ORL@CHA 12/04/2017 07:00PM ET",16.229,"ORL"
"PF/C","David West",3500,"GS@NO 12/04/2017 08:00PM ET",15.905,"GS"
"PG","Dejounte Murray",3500,"DET@SA 12/04/2017 08:30PM ET",17.420,"SA"
"SG","Brandon Paul",3500,"DET@SA 12/04/2017 08:30PM ET",8.213,"SA"
"C","Tyler Zeller",3400,"BKN@ATL 12/04/2017 07:30PM ET",15.839,"BKN"
"PF/C","Jarrett Allen",3400,"BKN@ATL 12/04/2017 07:30PM ET",12.946,"BKN"
"C","Miles Plumlee",3400,"BKN@ATL 12/04/2017 07:30PM ET",7.667,"ATL"
"PF/C","Channing Frye",3400,"CLE@CHI 12/04/2017 08:00PM ET",9.940,"CLE"
"C","Ian Mahinmi",3400,"WAS@UTA 12/04/2017 09:00PM ET",9.818,"WAS"
"PF/C","Jason Smith",3400,"WAS@UTA 12/04/2017 09:00PM ET",5.938,"WAS"
"PF/C","Guillermo Hernangomez",3400,"NY@IND 12/04/2017 07:00PM ET",10.865,"NY"
"PF/C","Al Jefferson",3400,"NY@IND 12/04/2017 07:00PM ET",16.725,"IND"
"PF/C","Jarell Martin",3400,"MIN@MEM 12/04/2017 08:00PM ET",11.810,"MEM"
"PG/SG","Andrew Harrison",3400,"MIN@MEM 12/04/2017 08:00PM ET",10.953,"MEM"
"SG/SF","Arron Afflalo",3400,"ORL@CHA 12/04/2017 07:00PM ET",4.956,"ORL"
"PF/C","Dragan Bender",3400,"PHO@PHI 12/04/2017 07:00PM ET",13.417,"PHO"
"PG/SG","Jerryd Bayless",3400,"PHO@PHI 12/04/2017 07:00PM ET",17.234,"PHI"
"PG/SG","Jameer Nelson",3400,"GS@NO 12/04/2017 08:00PM ET",17.667,"NO"
"SF/PF","Omri Casspi",3400,"GS@NO 12/04/2017 08:00PM ET",14.250,"GS"
"SG/SF","Patrick McCaw",3400,"GS@NO 12/04/2017 08:00PM ET",9.125,"GS"
"SF/PF","Anthony Tolliver",3400,"DET@SA 12/04/2017 08:30PM ET",13.618,"DET"
"SG","Luke Kennard",3400,"DET@SA 12/04/2017 08:30PM ET",11.912,"DET"
"PF/C","Quincy Acy",3300,"BKN@ATL 12/04/2017 07:30PM ET",12.676,"BKN"
"PG","Isaiah Taylor",3300,"BKN@ATL 12/04/2017 07:30PM ET",12.267,"ATL"
"PF","Tyler Cavanaugh",3300,"BKN@ATL 12/04/2017 07:30PM ET",8.423,"ATL"
"PG/SG","Isaiah Whitehead",3300,"BKN@ATL 12/04/2017 07:30PM ET",11.719,"BKN"
"SF/PF","Doug McDermott",3300,"NY@IND 12/04/2017 07:00PM ET",14.143,"NY"
"C","Joakim Noah",3300,"NY@IND 12/04/2017 07:00PM ET",5.250,"NY"
"PF/C","Brandan Wright",3300,"MIN@MEM 12/04/2017 08:00PM ET",13.234,"MEM"
"PF/C","Bismack Biyombo",3300,"ORL@CHA 12/04/2017 07:00PM ET",12.913,"ORL"
"SG/SF","Dwayne Bacon",3300,"ORL@CHA 12/04/2017 07:00PM ET",11.363,"CHA"
"PG/SF","Mario Hezonja",3300,"ORL@CHA 12/04/2017 07:00PM ET",7.042,"ORL"
"SG","Troy Daniels",3300,"PHO@PHI 12/04/2017 07:00PM ET",9.063,"PHO"
"C","Zaza Pachulia",3300,"GS@NO 12/04/2017 08:00PM ET",15.033,"GS"
"SF/PF","Dante Cunningham",3300,"GS@NO 12/04/2017 08:00PM ET",12.598,"NO"
"PF/C","Jordan Bell",3300,"GS@NO 12/04/2017 08:00PM ET",12.118,"GS"
"C","Timofey Mozgov",3200,"BKN@ATL 12/04/2017 07:30PM ET",11.703,"BKN"
"PG/SG","Matthew Dellavedova",3200,"MIL@BOS 12/04/2017 07:30PM ET",12.962,"MIL"
"SF/PF","Mirza Teletovic",3200,"MIL@BOS 12/04/2017 07:30PM ET",13.175,"MIL"
"SG/SF","Semi Ojeleye",3200,"MIL@BOS 12/04/2017 07:30PM ET",6.457,"BOS"
"PG","Shane Larkin",3200,"MIL@BOS 12/04/2017 07:30PM ET",5.809,"BOS"
"PF/C","Ante Zizic",3200,"CLE@CHI 12/04/2017 08:00PM ET",3.536,"CLE"
"PF","Mike Scott",3200,"WAS@UTA 12/04/2017 09:00PM ET",13.225,"WAS"
"PG","Raul Neto",3200,"WAS@UTA 12/04/2017 09:00PM ET",10.571,"UTA"
"SF/PF","Lance Thomas",3200,"NY@IND 12/04/2017 07:00PM ET",7.903,"NY"
"SG","Damyean Dotson",3200,"NY@IND 12/04/2017 07:00PM ET",4.500,"NY"
"PF/C","Deyonta Davis",3200,"MIN@MEM 12/04/2017 08:00PM ET",10.639,"MEM"
"C","Nerlens Noel",3200,"DEN@DAL 12/04/2017 08:30PM ET",12.132,"DAL"
"PF","Maxi Kleber",3200,"DEN@DAL 12/04/2017 08:30PM ET",9.588,"DAL"
"PG","Shelvin Mack",3200,"ORL@CHA 12/04/2017 07:00PM ET",15.014,"ORL"
"SG/SF","Timothe Luwawu-Cabarrot",3200,"PHO@PHI 12/04/2017 07:00PM ET",11.548,"PHI"
"C","Alan Williams",3200,"PHO@PHI 12/04/2017 07:00PM ET",0,"PHO"
"SG","Nick Young",3200,"GS@NO 12/04/2017 08:00PM ET",10.875,"GS"
"PG/SG","Ian Clark",3200,"GS@NO 12/04/2017 08:00PM ET",9.300,"NO"
"PG","Antonio Blakeney",3100,"CLE@CHI 12/04/2017 08:00PM ET",10.682,"CHI"
"PG","Ramon Sessions",3100,"NY@IND 12/04/2017 07:00PM ET",13.156,"NY"
"C","Salah Mejri",3100,"DEN@DAL 12/04/2017 08:30PM ET",13.681,"DAL"
"PF/C","Marreese Speights",3100,"ORL@CHA 12/04/2017 07:00PM ET",13.956,"ORL"
"SG/SF","Tony Allen",3100,"GS@NO 12/04/2017 08:00PM ET",9.658,"NO"
"PF","Cheick Diallo",3100,"GS@NO 12/04/2017 08:00PM ET",5.550,"NO"
"PG/SG","Langston Galloway",3100,"DET@SA 12/04/2017 08:30PM ET",10.833,"DET"
"PG/SG","Jeremy Lin",3000,"BKN@ATL 12/04/2017 07:30PM ET",23.000,"BKN"
"PG","Josh Magette",3000,"BKN@ATL 12/04/2017 07:30PM ET",6.188,"ATL"
"PG/SG","Tyler Dorsey",3000,"BKN@ATL 12/04/2017 07:30PM ET",3.714,"ATL"
"SG","Nicolas Brussino",3000,"BKN@ATL 12/04/2017 07:30PM ET",1.250,"ATL"
"PG","Jacob Wiley",3000,"BKN@ATL 12/04/2017 07:30PM ET",5.813,"BKN"
"SG","Yakuba Ouattara",3000,"BKN@ATL 12/04/2017 07:30PM ET",0,"BKN"
"SG","Gary Payton II",3000,"MIL@BOS 12/04/2017 07:30PM ET",4.000,"MIL"
"PG/SF","Rashad Vaughn",3000,"MIL@BOS 12/04/2017 07:30PM ET",4.750,"MIL"
"PG/SG","Jason Terry",3000,"MIL@BOS 12/04/2017 07:30PM ET",5.813,"MIL"
"PF/C","D.J. Wilson",3000,"MIL@BOS 12/04/2017 07:30PM ET",1.906,"MIL"
"PF","Abdel Nader",3000,"MIL@BOS 12/04/2017 07:30PM ET",3.432,"BOS"
"PF/C","Guerschon Yabusele",3000,"MIL@BOS 12/04/2017 07:30PM ET",4.393,"BOS"
"SG","Sterling Brown",3000,"MIL@BOS 12/04/2017 07:30PM ET",4.450,"MIL"
"PF","Joel Bolomboy",3000,"MIL@BOS 12/04/2017 07:30PM ET",3.000,"MIL"
"SG/SF","Gordon Hayward",3000,"MIL@BOS 12/04/2017 07:30PM ET",3.250,"BOS"
"SG","Jabari Bird",3000,"MIL@BOS 12/04/2017 07:30PM ET",2.125,"BOS"
"SG","Kadeem Allen",3000,"MIL@BOS 12/04/2017 07:30PM ET",0,"BOS"
"PF/C","Cristiano Felicio",3000,"CLE@CHI 12/04/2017 08:00PM ET",9.461,"CHI"
"PG","Kay Felder",3000,"CLE@CHI 12/04/2017 08:00PM ET",7.938,"CHI"
"PG","Jose Calderon",3000,"CLE@CHI 12/04/2017 08:00PM ET",6.536,"CLE"
"SG/SF","Quincy Pondexter",3000,"CLE@CHI 12/04/2017 08:00PM ET",6.482,"CHI"
"SG/SF","Cedi Osman",3000,"CLE@CHI 12/04/2017 08:00PM ET",4.500,"CLE"
"PG","Ryan Arcidiacono",3000,"CLE@CHI 12/04/2017 08:00PM ET",1.500,"CHI"
"SG/SF","John Holland",3000,"CLE@CHI 12/04/2017 08:00PM ET",1.833,"CLE"
"PG","London Perrantes",3000,"CLE@CHI 12/04/2017 08:00PM ET",0,"CLE"
"PG/SG","Cameron Payne",3000,"CLE@CHI 12/04/2017 08:00PM ET",0,"CHI"
"PF/C","Ekpe Udoh",3000,"WAS@UTA 12/04/2017 09:00PM ET",11.413,"UTA"
"SF","Royce O'Neale",3000,"WAS@UTA 12/04/2017 09:00PM ET",5.734,"UTA"
"PF/C","Chris McCullough",3000,"WAS@UTA 12/04/2017 09:00PM ET",6.750,"WAS"
"C","Tony Bradley",3000,"WAS@UTA 12/04/2017 09:00PM ET",1.938,"UTA"
"PG","Nate Wolters",3000,"WAS@UTA 12/04/2017 09:00PM ET",1.000,"UTA"
"SG","Sheldon Mac",3000,"WAS@UTA 12/04/2017 09:00PM ET",0,"WAS"
"PF","Mike Young",3000,"WAS@UTA 12/04/2017 09:00PM ET",0,"WAS"
"PG/SG","Dante Exum",3000,"WAS@UTA 12/04/2017 09:00PM ET",0.000,"UTA"
"SG","Devin Robinson",3000,"WAS@UTA 12/04/2017 09:00PM ET",0,"WAS"
"SF/PF","Eric Griffin",3000,"WAS@UTA 12/04/2017 09:00PM ET",0.000,"UTA"
"SF/PF","TJ Leaf",3000,"NY@IND 12/04/2017 07:00PM ET",7.421,"IND"
"PG/SG","Joe Young",3000,"NY@IND 12/04/2017 07:00PM ET",4.688,"IND"
"SG/SF","Damien Wilkins",3000,"NY@IND 12/04/2017 07:00PM ET",3.188,"IND"
"PG/SG","Ron Baker",3000,"NY@IND 12/04/2017 07:00PM ET",9.700,"NY"
"SF","Alex Poythress",3000,"NY@IND 12/04/2017 07:00PM ET",1.917,"IND"
"PF/C","Ike Anigbogu",3000,"NY@IND 12/04/2017 07:00PM ET",2.000,"IND"
"PF","Luke Kornet",3000,"NY@IND 12/04/2017 07:00PM ET",0.000,"NY"
"PG","Edmond Sumner",3000,"NY@IND 12/04/2017 07:00PM ET",0,"IND"
"PF","Isaiah Hicks",3000,"NY@IND 12/04/2017 07:00PM ET",0,"NY"
"PG/SG","Aaron Brooks",3000,"MIN@MEM 12/04/2017 08:00PM ET",3.958,"MIN"
"PG/SG","Wayne Selden Jr.",3000,"MIN@MEM 12/04/2017 08:00PM ET",8.250,"MEM"
"SG","Kobi Simmons",3000,"MIN@MEM 12/04/2017 08:00PM ET",2.000,"MEM"
"PF/C","Ivan Rabb",3000,"MIN@MEM 12/04/2017 08:00PM ET",0.000,"MEM"
"PF","Vince Hunter",3000,"MIN@MEM 12/04/2017 08:00PM ET",4.000,"MEM"
"SG/SF","Marcus Georges-Hunt",3000,"MIN@MEM 12/04/2017 08:00PM ET",0.917,"MIN"
"C","Cole Aldrich",3000,"MIN@MEM 12/04/2017 08:00PM ET",1.150,"MIN"
"C","Justin Patton",3000,"MIN@MEM 12/04/2017 08:00PM ET",0,"MIN"
"SG/SF","Anthony Brown",3000,"MIN@MEM 12/04/2017 08:00PM ET",0,"MIN"
"SG","Malik Beasley",3000,"DEN@DAL 12/04/2017 08:30PM ET",6.139,"DEN"
"C","Jeff Withey",3000,"DEN@DAL 12/04/2017 08:30PM ET",3.781,"DAL"
"SF/PF","Richard Jefferson",3000,"DEN@DAL 12/04/2017 08:30PM ET",3.679,"DEN"
"SF","Dorian Finney-Smith",3000,"DEN@DAL 12/04/2017 08:30PM ET",5.875,"DAL"
"SG","Antonius Cleveland",3000,"DEN@DAL 12/04/2017 08:30PM ET",3.350,"DAL"
"PF","Darrell Arthur",3000,"DEN@DAL 12/04/2017 08:30PM ET",2.750,"DEN"
"PF/C","Johnathan Motley",3000,"DEN@DAL 12/04/2017 08:30PM ET",0,"DAL"
"SG/SF","Torrey Craig",3000,"DEN@DAL 12/04/2017 08:30PM ET",1.250,"DEN"
"PF","Tyler Lydon",3000,"DEN@DAL 12/04/2017 08:30PM ET",0.000,"DEN"
"PG","Monte Morris",3000,"DEN@DAL 12/04/2017 08:30PM ET",0,"DEN"
"PF/C","Josh McRoberts",3000,"DEN@DAL 12/04/2017 08:30PM ET",0,"DAL"
"SG/SF","Treveon Graham",3000,"ORL@CHA 12/04/2017 07:00PM ET",10.271,"CHA"
"PF/C","Johnny O'Bryant III",3000,"ORL@CHA 12/04/2017 07:00PM ET",9.406,"CHA"
"PG/SG","Julyan Stone",3000,"ORL@CHA 12/04/2017 07:00PM ET",9.625,"CHA"
"SG/SF","Wes Iwundu",3000,"ORL@CHA 12/04/2017 07:00PM ET",3.375,"ORL"
"PF/C","Khem Birch",3000,"ORL@CHA 12/04/2017 07:00PM ET",2.667,"ORL"
"PF/C","Mangok Mathiang",3000,"ORL@CHA 12/04/2017 07:00PM ET",2.500,"CHA"
"SG/SF","Jamel Artis",3000,"ORL@CHA 12/04/2017 07:00PM ET",0,"ORL"
"PG","Marcus Paige",3000,"ORL@CHA 12/04/2017 07:00PM ET",2.500,"CHA"
"PF","Adreian Payne",3000,"ORL@CHA 12/04/2017 07:00PM ET",0,"ORL"
"SF/PF","Justin Anderson",3000,"PHO@PHI 12/04/2017 07:00PM ET",9.875,"PHI"
"C","Jahlil Okafor",3000,"PHO@PHI 12/04/2017 07:00PM ET",12.625,"PHI"
"PG/SF","Nik Stauskas",3000,"PHO@PHI 12/04/2017 07:00PM ET",2.750,"PHI"
"SG/SF","Furkan Korkmaz",3000,"PHO@PHI 12/04/2017 07:00PM ET",2.250,"PHI"
"SF","Derrick Jones Jr.",3000,"PHO@PHI 12/04/2017 07:00PM ET",4.417,"PHO"
"PF","Alec Peters",3000,"PHO@PHI 12/04/2017 07:00PM ET",5.625,"PHO"
"PG","Jacob Pullen",3000,"PHO@PHI 12/04/2017 07:00PM ET",0.000,"PHI"
"PF","James Michael McAdoo",3000,"PHO@PHI 12/04/2017 07:00PM ET",5.000,"PHI"
"SG/SF","Davon Reed",3000,"PHO@PHI 12/04/2017 07:00PM ET",0,"PHO"
"PG/SG","Brandon Knight",3000,"PHO@PHI 12/04/2017 07:00PM ET",0,"PHO"
"C","JaVale McGee",3000,"GS@NO 12/04/2017 08:00PM ET",8.613,"GS"
"SF/PF","Kevon Looney",3000,"GS@NO 12/04/2017 08:00PM ET",9.984,"GS"
"PG","Quinn Cook",3000,"GS@NO 12/04/2017 08:00PM ET",5.167,"GS"
"C","Omer Asik",3000,"GS@NO 12/04/2017 08:00PM ET",9.250,"NO"
"SF","Jalen Jones",3000,"GS@NO 12/04/2017 08:00PM ET",2.667,"NO"
"SG","Charles Cooke",3000,"GS@NO 12/04/2017 08:00PM ET",2.750,"NO"
"C","Damian Jones",3000,"GS@NO 12/04/2017 08:00PM ET",0,"GS"
"C","Alexis Ajinca",3000,"GS@NO 12/04/2017 08:00PM ET",0,"NO"
"PF","Chris Boucher",3000,"GS@NO 12/04/2017 08:00PM ET",0,"GS"
"PG","Frank Jackson",3000,"GS@NO 12/04/2017 08:00PM ET",0,"NO"
"SF/PF","Solomon Hill",3000,"GS@NO 12/04/2017 08:00PM ET",0,"NO"
"PF/C","Eric Moreland",3000,"DET@SA 12/04/2017 08:30PM ET",7.566,"DET"
"PF/C","Jon Leuer",3000,"DET@SA 12/04/2017 08:30PM ET",11.813,"DET"
"PF/C","Joffrey Lauvergne",3000,"DET@SA 12/04/2017 08:30PM ET",8.205,"SA"
"PF/C","Henry Ellenson",3000,"DET@SA 12/04/2017 08:30PM ET",10.094,"DET"
"SG/SF","Reggie Bullock",3000,"DET@SA 12/04/2017 08:30PM ET",7.091,"DET"
"SF/PF","Davis Bertans",3000,"DET@SA 12/04/2017 08:30PM ET",5.147,"SA"
"C","Boban Marjanovic",3000,"DET@SA 12/04/2017 08:30PM ET",8.000,"DET"
"PG/SG","Derrick White",3000,"DET@SA 12/04/2017 08:30PM ET",5.167,"SA"
"PF","Matt Costello",3000,"DET@SA 12/04/2017 08:30PM ET",12.250,"SA"
"SG/SF","Darrun Hilliard",3000,"DET@SA 12/04/2017 08:30PM ET",2.167,"SA"
"SF","Luis Montero",3000,"DET@SA 12/04/2017 08:30PM ET",0,"DET"
"PG","Dwight Buycks",3000,"DET@SA 12/04/2017 08:30PM ET",0,"DET"
